{"v":"5.7.13","fr":60,"ip":0,"op":121,"w":400,"h":400,"nm":"Avatar","ddd":0,"assets":[],"layers":[{"ddd":0,"ind":1,"ty":3,"nm":"Movement","sr":1,"ks":{"o":{"a":0,"k":0,"ix":11},"r":{"a":0,"k":0,"ix":10},"p":{"a":1,"k":[{"i":{"x":0.2,"y":1},"o":{"x":0.167,"y":0.167},"t":25,"s":[200,200,0],"to":[0,0,0],"ti":[0,0,0]},{"i":{"x":0.2,"y":0.2},"o":{"x":0.167,"y":0.167},"t":40,"s":[140.5,222,0],"to":[0,0,0],"ti":[0,0,0]},{"i":{"x":0.2,"y":1},"o":{"x":0.167,"y":0.167},"t":50,"s":[140.5,222,0],"to":[0,0,0],"ti":[0,0,0]},{"i":{"x":0.2,"y":0.2},"o":{"x":0.167,"y":0.167},"t":70,"s":[249.83,212.806,0],"to":[0,0,0],"ti":[0,0,0]},{"i":{"x":0.2,"y":1},"o":{"x":0.167,"y":0.167},"t":80,"s":[249.83,212.806,0],"to":[0,0,0],"ti":[0,0,0]},{"t":95,"s":[200,200,0]}],"ix":2,"l":2},"a":{"a":0,"k":[50,50,0],"ix":1,"l":2},"s":{"a":0,"k":[100,100,100],"ix":6,"l":2}},"ao":0,"ip":0,"op":121,"st":0,"bm":0},{"ddd":0,"ind":2,"ty":4,"nm":"Head","parent":1,"sr":1,"ks":{"o":{"a":0,"k":100,"ix":11},"r":{"a":0,"k":0,"ix":10},"p":{"a":1,"k":[{"i":{"x":0.2,"y":1},"o":{"x":0.167,"y":0.167},"t":0,"s":[50,-13,0],"to":[0,1.667,0],"ti":[0,3.333,0]},{"i":{"x":0.2,"y":1},"o":{"x":0.167,"y":0.167},"t":6,"s":[50,-3,0],"to":[0,-3.333,0],"ti":[0,0,0]},{"i":{"x":0.2,"y":1},"o":{"x":0.167,"y":0.167},"t":20,"s":[50,-33,0],"to":[0,0,0],"ti":[0,-3.333,0]},{"i":{"x":0.2,"y":1},"o":{"x":0.167,"y":0.167},"t":30,"s":[50,-3,0],"to":[0,3.333,0],"ti":[0,1.667,0]},{"i":{"x":0.2,"y":0.2},"o":{"x":0.167,"y":0.167},"t":40,"s":[50,-13,0],"to":[0,0,0],"ti":[0,0,0]},{"i":{"x":0.2,"y":1},"o":{"x":0.167,"y":0.167},"t":80,"s":[50,-13,0],"to":[0,1.667,0],"ti":[0,3.333,0]},{"i":{"x":0.2,"y":1},"o":{"x":0.167,"y":0.167},"t":90,"s":[50,-3,0],"to":[0,-3.333,0],"ti":[0,0,0]},{"i":{"x":0.2,"y":1},"o":{"x":0.167,"y":0.167},"t":100,"s":[50,-33,0],"to":[0,0,0],"ti":[0,-3.333,0]},{"i":{"x":0.2,"y":1},"o":{"x":0.167,"y":0.167},"t":110,"s":[50,-3,0],"to":[0,3.333,0],"ti":[0,1.667,0]},{"t":120,"s":[50,-13,0]}],"ix":2,"l":2},"a":{"a":0,"k":[0,0,0],"ix":1,"l":2},"s":{"a":0,"k":[100,100,100],"ix":6,"l":2}},"ao":0,"shapes":[{"ty":"gr","it":[{"ind":0,"ty":"sh","ix":1,"ks":{"a":1,"k":[{"i":{"x":0.2,"y":1},"o":{"x":0.167,"y":0.167},"t":0,"s":[{"i":[[-22.309,0],[0,-22.309],[22.309,0],[0,22.309]],"o":[[22.309,0],[0,22.309],[-22.309,0],[0,-22.309]],"v":[[0,-40.394],[40.394,0],[0,40.394],[-40.394,0]],"c":true}]},{"i":{"x":0.2,"y":1},"o":{"x":0.167,"y":0.167},"t":6,"s":[{"i":[[-22.309,0],[0,-22.309],[22.309,0],[0,22.309]],"o":[[22.309,0],[0,22.309],[-22.309,0],[0,-22.309]],"v":[[0,-40.394],[40.394,0],[0,44.394],[-40.394,0]],"c":true}]},{"i":{"x":0.2,"y":1},"o":{"x":0.167,"y":0.167},"t":20,"s":[{"i":[[-22.309,0],[0,-22.309],[22.309,0],[0,22.309]],"o":[[22.309,0],[0,22.309],[-22.309,0],[0,-22.309]],"v":[[0,-40.394],[40.394,0],[0,24.394],[-40.394,0]],"c":true}]},{"i":{"x":0.2,"y":1},"o":{"x":0.167,"y":0.167},"t":30,"s":[{"i":[[-22.309,0],[0,-22.309],[22.309,0],[0,22.309]],"o":[[22.309,0],[0,22.309],[-22.309,0],[0,-22.309]],"v":[[0,-40.394],[40.394,0],[0,44.394],[-40.394,0]],"c":true}]},{"i":{"x":0.2,"y":1},"o":{"x":0.167,"y":0.167},"t":40,"s":[{"i":[[-22.309,0],[0,-22.309],[22.309,0],[0,22.309]],"o":[[22.309,0],[0,22.309],[-22.309,0],[0,-22.309]],"v":[[0,-40.394],[40.394,0],[0,40.394],[-40.394,0]],"c":true}]},{"i":{"x":0.2,"y":1},"o":{"x":0.167,"y":0.167},"t":80,"s":[{"i":[[-22.309,0],[0,-22.309],[22.309,0],[0,22.309]],"o":[[22.309,0],[0,22.309],[-22.309,0],[0,-22.309]],"v":[[0,-40.394],[40.394,0],[0,40.394],[-40.394,0]],"c":true}]},{"i":{"x":0.2,"y":1},"o":{"x":0.167,"y":0.167},"t":90,"s":[{"i":[[-22.309,0],[0,-22.309],[22.309,0],[0,22.309]],"o":[[22.309,0],[0,22.309],[-22.309,0],[0,-22.309]],"v":[[0,-40.394],[40.394,0],[0,44.394],[-40.394,0]],"c":true}]},{"i":{"x":0.2,"y":1},"o":{"x":0.167,"y":0.167},"t":100,"s":[{"i":[[-22.309,0],[0,-22.309],[22.309,0],[0,22.309]],"o":[[22.309,0],[0,22.309],[-22.309,0],[0,-22.309]],"v":[[0,-40.394],[40.394,0],[0,24.394],[-40.394,0]],"c":true}]},{"i":{"x":0.2,"y":1},"o":{"x":0.167,"y":0.167},"t":110,"s":[{"i":[[-22.309,0],[0,-22.309],[22.309,0],[0,22.309]],"o":[[22.309,0],[0,22.309],[-22.309,0],[0,-22.309]],"v":[[0,-40.394],[40.394,0],[0,44.394],[-40.394,0]],"c":true}]},{"t":120,"s":[{"i":[[-22.309,0],[0,-22.309],[22.309,0],[0,22.309]],"o":[[22.309,0],[0,22.309],[-22.309,0],[0,-22.309]],"v":[[0,-40.394],[40.394,0],[0,40.394],[-40.394,0]],"c":true}]}],"ix":2},"nm":"Path 1","mn":"ADBE Vector Shape - Group","hd":false},{"ty":"st","c":{"a":0,"k":[0,0,0,1],"ix":3},"o":{"a":0,"k":100,"ix":4},"w":{"a":0,"k":23.083,"ix":5},"lc":2,"lj":2,"bm":0,"nm":"Stroke 1","mn":"ADBE Vector Graphic - Stroke","hd":false},{"ty":"tr","p":{"a":0,"k":[0,0],"ix":2},"a":{"a":0,"k":[0,0],"ix":1},"s":{"a":0,"k":[100,100],"ix":3},"r":{"a":0,"k":0,"ix":6},"o":{"a":0,"k":100,"ix":7},"sk":{"a":0,"k":0,"ix":4},"sa":{"a":0,"k":0,"ix":5},"nm":"Transform"}],"nm":"Ellipse 1","np":3,"cix":2,"bm":0,"ix":1,"mn":"ADBE Vector Group","hd":false}],"ip":0,"op":121,"st":0,"bm":0},{"ddd":0,"ind":3,"ty":4,"nm":"Body","sr":1,"ks":{"o":{"a":0,"k":100,"ix":11},"r":{"a":0,"k":0,"ix":10},"p":{"a":0,"k":[200,263.954,0],"ix":2,"l":2},"a":{"a":0,"k":[80.789,40.394,0],"ix":1,"l":2},"s":{"a":0,"k":[100,100,100],"ix":6,"l":2}},"ao":0,"shapes":[{"ty":"gr","it":[{"ind":0,"ty":"sh","ix":1,"ks":{"a":1,"k":[{"i":{"x":0.2,"y":1},"o":{"x":0.167,"y":0.167},"t":0,"s":[{"i":[[0,0],[-44.618,0],[0,-44.618]],"o":[[0,-44.618],[44.618,0],[0,0]],"v":[[0,80.789],[80.789,0],[161.577,80.789]],"c":false}]},{"i":{"x":0.2,"y":1},"o":{"x":0.167,"y":0.167},"t":6,"s":[{"i":[[0,0],[-44.618,0],[0,-44.618]],"o":[[0,-44.618],[44.618,0],[0,0]],"v":[[0,80.789],[80.789,10],[161.577,80.789]],"c":false}]},{"i":{"x":0.2,"y":1},"o":{"x":0.167,"y":0.167},"t":19,"s":[{"i":[[0,0],[-44.618,0],[0,-44.618]],"o":[[0,-44.618],[44.618,0],[0,0]],"v":[[0,80.789],[80.789,-13],[161.577,80.789]],"c":false}]},{"i":{"x":0.2,"y":1},"o":{"x":0.167,"y":0.167},"t":30,"s":[{"i":[[0,0],[-44.618,0],[0,-44.618]],"o":[[0,-44.618],[44.618,0],[0,0]],"v":[[0,80.789],[80.789,10],[161.577,80.789]],"c":false}]},{"i":{"x":0.2,"y":1},"o":{"x":0.167,"y":0.167},"t":40,"s":[{"i":[[0,0],[-44.618,0],[0,-44.618]],"o":[[0,-44.618],[44.618,0],[0,0]],"v":[[0,80.789],[80.789,0],[161.577,80.789]],"c":false}]},{"i":{"x":0.2,"y":1},"o":{"x":0.167,"y":0.167},"t":80,"s":[{"i":[[0,0],[-44.618,0],[0,-44.618]],"o":[[0,-44.618],[44.618,0],[0,0]],"v":[[0,80.789],[80.789,0],[161.577,80.789]],"c":false}]},{"i":{"x":0.2,"y":1},"o":{"x":0.167,"y":0.167},"t":90,"s":[{"i":[[0,0],[-44.618,0],[0,-44.618]],"o":[[0,-44.618],[44.618,0],[0,0]],"v":[[0,80.789],[80.789,10],[161.577,80.789]],"c":false}]},{"i":{"x":0.2,"y":1},"o":{"x":0.167,"y":0.167},"t":100,"s":[{"i":[[0,0],[-44.618,0],[0,-44.618]],"o":[[0,-44.618],[44.618,0],[0,0]],"v":[[0,80.789],[80.789,-13],[161.577,80.789]],"c":false}]},{"i":{"x":0.2,"y":1},"o":{"x":0.167,"y":0.167},"t":110,"s":[{"i":[[0,0],[-44.618,0],[0,-44.618]],"o":[[0,-44.618],[44.618,0],[0,0]],"v":[[0,80.789],[80.789,10],[161.577,80.789]],"c":false}]},{"t":120,"s":[{"i":[[0,0],[-44.618,0],[0,-44.618]],"o":[[0,-44.618],[44.618,0],[0,0]],"v":[[0,80.789],[80.789,0],[161.577,80.789]],"c":false}]}],"ix":2},"nm":"Path 1","mn":"ADBE Vector Shape - Group","hd":false},{"ty":"st","c":{"a":0,"k":[0,0,0,1],"ix":3},"o":{"a":0,"k":100,"ix":4},"w":{"a":0,"k":23.083,"ix":5},"lc":2,"lj":2,"bm":0,"nm":"Stroke 1","mn":"ADBE Vector Graphic - Stroke","hd":false},{"ty":"tr","p":{"a":0,"k":[0,0],"ix":2},"a":{"a":0,"k":[0,0],"ix":1},"s":{"a":0,"k":[100,100],"ix":3},"r":{"a":0,"k":0,"ix":6},"o":{"a":0,"k":100,"ix":7},"sk":{"a":0,"k":0,"ix":4},"sa":{"a":0,"k":0,"ix":5},"nm":"Transform"}],"nm":"Path 88","np":3,"cix":2,"bm":0,"ix":1,"mn":"ADBE Vector Group","hd":false}],"ip":0,"op":121,"st":0,"bm":0}],"markers":[]}